HAH,l
HAH,n
62,x
80,n
HAH,x
HAH,u
58,a
76,x
95,n
HAH,l
54,s
59,u
75,u
98,h
HAH,o
59,h
77,v
HAH,k
HAH,e
HAH,i
HAH,d
57,v
96,w
HAH,s
54,q
HAH,k
HAH,s
79,j
81,l
HAH,m
HAH,h
HAH,d
HAH,x
99,q
HAH,x
63,c
HAH,m
88,k
HAH,k
55,j
96,c
HAH,m
HAH,l
HAH,u
77,f
HAH,r
69,h
96,h
HAH,b
64,o
HAH,h
HAH,i
55,k
HAH,j
HAH,d
53,p
HAH,n
67,l
HAH,d
HAH,o
HAH,n
HAH,h
HAH,n
HAH,g
66,i
HAH,j
HAH,x
81,p
HAH,g
70,j
HAH,y
96,k
69,w
86,c
HAH,u
HAH,d
HAH,o
HAH,w
HAH,q
80,j
HAH,h
HAH,o
74,h
88,e
57,k
54,m
HAH,n
HAH,a
72,j
HAH,r
HAH,t
78,o
HAH,n
HAH,u
70,l
HAH,u
55,h
82,s
70,s
HAH,q
HAH,f
HAH,e
HAH,g
57,r
99,t
HAH,f
HAH,k
HAH,m
HAH,f
65,d
HAH,l
76,h
HAH,w
HAH,e
86,v
HAH,a
59,x
76,z
HAH,d
64,a
HAH,o
HAH,o
HAH,k
99,s
HAH,o
HAH,n
68,c
86,w
HAH,u
92,g
61,v
71,y
53,h
HAH,u
HAH,h
69,l
HAH,b
51,w
HAH,o
HAH,y
HAH,z
HAH,s
HAH,w
51,o
79,i
HAH,x
53,x
HAH,u
57,z
94,y
HAH,a
HAH,r
98,x
88,s
HAH,k
89,u
HAH,p
53,a
HAH,b
99,y
58,u
HAH,i
83,v
59,l
HAH,e
67,p
94,y
98,j
76,d
63,e
63,u
HAH,p
86,n
90,u
99,x
78,j
65,h
80,j
65,y
HAH,g
HAH,v
HAH,x
61,b
HAH,i
71,y
HAH,t
HAH,k
77,t
HAH,p
87,f
69,x
84,i
HAH,w
75,d
98,e
HAH,d
98,e
83,m
HAH,g
HAH,p
